#,Name,Pos,Age,Ovr,Pot,Contract,Exp,PER,EWA,Draft
1,LeBron James,GF,20,67,81,35,2008,0,0,Draftand sim
2,Tracy McGrady,GF,25,75,78,43,2006,0,0,Draftand sim
3,Carmelo Anthony,F,20,65,81,24,2008,0,0,Draftand sim
4,Peja Stojaković,SF,27,75,75,26,2008,0,0,Draftand sim
5,Baron Davis,PG,25,69,73,17,2007,0,0,Draftand sim
6,Kobe Bryant,GF,26,70,71,15,2008,0,0,Draftand sim
7,Kevin Garnett,FC,28,73,76,18,2008,0,0,Draftand sim
8,Jamal Crawford,G,24,68,72,17,2007,0,0,Draftand sim
9,Dirk Nowitzki,FC,26,69,71,15,2008,0,0,Draftand sim
10,Mike Bibby,PG,26,69,71,13,2008,0,0,Draftand sim
11,Chris Bosh,FC,20,57,75,9,2008,0,0,Draftand sim
12,Shawn Marion,F,26,68,72,13,2008,0,0,Draftand sim
13,Metta World Peace,SF,25,68,70,17,2006,0,0,Draftand sim
14,Richard Jefferson,SF,24,66,71,13,2007,0,0,Draftand sim
15,Tim Duncan,FC,28,71,71,14,2008,0,0,Draftand sim
16,Nenê ,FC,22,62,72,10,2008,0,0,Draftand sim
17,Paul Pierce,GF,27,69,71,12,2008,0,0,Draftand sim
18,Stephon Marbury,PG,27,69,70,11,2008,0,0,Draftand sim
19,Joe Johnson,GF,23,63,71,10,2008,0,0,Draftand sim
20,Stephen Jackson,GF,26,67,69,10,2008,0,0,Draftand sim
21,Michael Redd,GF,25,66,69,14,2006,0,0,Draftand sim
22,Jason Richardson,GF,23,63,70,10,2007,0,0,Draftand sim
23,Steve Nash,PG,30,71,71,11,2008,0,0,Draftand sim
24,Tony Parker,PG,22,60,71,8,2008,0,0,Draftand sim
25,Rashard Lewis,F,25,66,67,14,2006,0,0,Draftand sim
26,Elton Brand,FC,25,65,69,10,2007,0,0,Draftand sim
27,Gilbert Arenas,PG,22,60,70,9,2008,0,0,Draftand sim
28,Corey Maggette,GF,25,65,67,11,2006,0,0,Draftand sim
29,Manu Ginóbili,SG,27,66,67,8,2008,0,0,Draftand sim
30,Lamar Odom,F,25,64,66,11,2006,0,0,Draftand sim
31,Dwyane Wade,G,22,59,68,8,2008,0,0,Draftand sim
32,Vladimir Radmanović,F,24,63,66,10,2006,0,0,Draftand sim
33,Andre Miller,G,28,67,67,8,2008,0,0,Draftand sim
34,Jermaine O'Neal,FC,26,64,65,9,2006,0,0,Draftand sim
35,Richard Hamilton,GF,26,64,65,9,2006,0,0,Draftand sim
36,Amar'e Stoudemire,FC,22,58,68,6,2008,0,0,Draftand sim
37,Ricky Davis,GF,25,63,66,8,2006,0,0,Draftand sim
38,Larry Hughes,GF,25,63,66,8,2006,0,0,Draftand sim
39,Zach Randolph,FC,23,60,67,7,2007,0,0,Draftand sim
40,Carlos Boozer,FC,23,60,67,7,2007,0,0,Draftand sim
41,Pau Gasol,FC,24,62,66,8,2007,0,0,Draftand sim
42,Mike Dunleavy,GF,24,62,66,7,2007,0,0,Draftand sim
43,Marquis Daniels,GF,23,61,66,7,2007,0,0,Draftand sim
44,Ray Allen,SG,29,67,67,7,2008,0,0,Draftand sim
45,James Posey,GF,27,65,65,10,2006,0,0,Draftand sim
46,Kwame Brown,FC,22,58,67,6,2008,0,0,Draftand sim
47,Kirk Hinrich,G,23,60,66,6,2007,0,0,Draftand sim
48,Chauncey Billups,G,28,66,67,8,2008,0,0,Draftand sim
49,Quentin Richardson,GF,24,61,65,6,2007,0,0,Draftand sim
50,Mike Miller,GF,24,61,65,7,2007,0,0,Draftand sim
51,Jiří Welsch,GF,24,60,66,6,2007,0,0,Draftand sim
52,Vince Carter,GF,27,64,64,9,2006,0,0,Draftand sim
53,Jason Kidd,G,31,67,67,9,2006,0,0,Draftand sim
54,Maciej Lampe,C,19,42,71,2,2008,0,0,Draftand sim
55,Yao Ming,C,24,60,65,6,2007,0,0,Draftand sim
56,Steve Francis,G,27,63,66,8,2006,0,0,Draftand sim
57,Jason Terry,G,27,63,63,8,2006,0,0,Draftand sim
58,Michael Finley,GF,31,66,66,8,2006,0,0,Draftand sim
59,Ronald Murray,G,25,61,63,6,2006,0,0,Draftand sim
60,Hedo Türkoğlu,F,25,61,63,7,2006,0,0,Draftand sim
61,Brad Miller,FC,28,64,64,8,2006,0,0,Draftand sim
62,Ben Wallace,FC,30,65,65,8,2006,0,0,Draftand sim
63,Tayshaun Prince,SF,24,59,64,5,2007,0,0,Draftand sim
64,Sam Cassell,PG,35,66,66,9,2005,0,0,Draftand sim
65,Allen Iverson,G,29,64,64,7,2006,0,0,Draftand sim
66,Brian Cardinal,F,27,62,64,6,2006,0,0,Draftand sim
67,Zaza Pachulia,C,20,47,68,2,2008,0,0,Draftand sim
68,Shareef Abdur-Rahim,FC,28,63,64,7,2006,0,0,Draftand sim
69,Kerry Kittles,SG,30,64,64,6,2006,0,0,Draftand sim
70,Marko Jarić,GF,26,60,62,6,2006,0,0,Draftand sim
71,Shane Battier,GF,26,60,62,6,2006,0,0,Draftand sim
72,Eddy Curry,FC,22,54,64,3,2008,0,0,Draftand sim
73,Eddie Jones,GF,33,64,64,7,2006,0,0,Draftand sim
74,Kenyon Martin,FC,27,61,62,6,2006,0,0,Draftand sim
75,Tim Thomas,F,27,61,61,5,2006,0,0,Draftand sim
76,Darius Miles,SF,23,57,62,5,2007,0,0,Draftand sim
77,Mehmet Okur,FC,25,58,63,4,2007,0,0,Draftand sim
78,Jamaal Magloire,C,26,59,62,5,2006,0,0,Draftand sim
79,Juan Dixon,G,26,59,62,4,2006,0,0,Draftand sim
80,Luke Ridnour,G,23,55,63,3,2008,0,0,Draftand sim
81,Leandro Barbosa,G,22,54,63,3,2008,0,0,Draftand sim
82,Speedy Claxton,PG,26,59,61,4,2006,0,0,Draftand sim
83,Caron Butler,GF,24,57,62,4,2007,0,0,Draftand sim
84,Al Harrington,FC,24,57,62,4,2007,0,0,Draftand sim
85,Darko Miličić,FC,19,41,67,2,2008,0,0,Draftand sim
86,Mickaël Piétrus,GF,22,52,64,3,2008,0,0,Draftand sim
87,Jason Williams,PG,29,62,62,6,2006,0,0,Draftand sim
88,Cuttino Mobley,G,29,62,62,6,2006,0,0,Draftand sim
89,Antonio Daniels,G,29,62,62,6,2006,0,0,Draftand sim
90,Shaquille O'Neal,C,32,63,63,6,2006,0,0,Draftand sim
91,Donyell Marshall,F,31,63,63,5,2006,0,0,Draftand sim
92,Jarvis Hayes,GF,23,55,62,3,2007,0,0,Draftand sim
93,Eddie Griffin,FC,22,54,62,3,2008,0,0,Draftand sim
94,Tyson Chandler,FC,22,51,64,2,2008,0,0,Draftand sim
95,Desmond Mason,GF,27,60,60,5,2006,0,0,Draftand sim
96,Drew Gooden,FC,23,56,61,4,2007,0,0,Draftand sim
97,Josh Howard,SF,24,56,62,4,2007,0,0,Draftand sim
98,Rodney White,GF,24,56,62,3,2007,0,0,Draftand sim
99,Rafer Alston,PG,28,61,61,6,2006,0,0,Draftand sim
100,Rasheed Wallace,FC,30,62,62,5,2006,0,0,Draftand sim
101,Derek Anderson,GF,30,62,62,6,2006,0,0,Draftand sim
102,John Salmons,GF,25,58,59,4,2006,0,0,Draftand sim
103,Zydrunas Ilgauskas,C,29,61,61,5,2006,0,0,Draftand sim
104,Keith Van Horn,F,29,61,61,5,2006,0,0,Draftand sim
105,Damon Stoudamire,PG,31,62,62,5,2006,0,0,Draftand sim
106,Stromile Swift,FC,25,57,60,4,2006,0,0,Draftand sim
107,DeShawn Stevenson,GF,23,54,61,3,2007,0,0,Draftand sim
108,Chris Wilcox,FC,22,50,63,2,2008,0,0,Draftand sim
109,Antawn Jamison,F,28,60,60,5,2006,0,0,Draftand sim
110,Doug Christie,GF,34,62,62,5,2005,0,0,Draftand sim
111,Etan Thomas,FC,26,57,60,4,2005,0,0,Draftand sim
112,Jared Jeffries,F,23,53,61,2,2008,0,0,Draftand sim
113,Marcus Banks,PG,23,54,60,3,2007,0,0,Draftand sim
114,Casey Jacobsen,GF,23,54,60,3,2007,0,0,Draftand sim
115,Steve Blake,PG,24,55,60,3,2007,0,0,Draftand sim
116,T.J. Ford,PG,21,47,64,2,2008,0,0,Draftand sim
117,Sasha Pavlović,GF,21,47,64,2,2008,0,0,Draftand sim
118,Earl Watson,PG,25,56,60,2,2007,0,0,Draftand sim
119,Mike James,PG,29,60,60,4,2006,0,0,Draftand sim
120,Chris Webber,FC,31,61,61,5,2005,0,0,Draftand sim
121,Brent Barry,GF,33,61,61,6,2005,0,0,Draftand sim
122,Travis Outlaw,F,20,42,65,2,2008,0,0,Draftand sim
123,Carlos Arroyo,G,25,56,59,3,2006,0,0,Draftand sim
124,Morris Peterson,GF,27,58,60,4,2006,0,0,Draftand sim
125,Gordan Giriček,GF,27,58,60,4,2006,0,0,Draftand sim
126,Kenny Thomas,PF,27,58,59,4,2006,0,0,Draftand sim
127,Samuel Dalembert,C,23,53,60,2,2007,0,0,Draftand sim
128,Antoine Walker,PF,28,59,59,4,2006,0,0,Draftand sim
129,Gary Payton,PG,36,61,61,5,2005,0,0,Draftand sim
130,Toni Kukoč,F,36,61,61,5,2005,0,0,Draftand sim
131,Latrell Sprewell,GF,34,61,61,5,2005,0,0,Draftand sim
132,Jamaal Tinsley,PG,26,56,58,4,2005,0,0,Draftand sim
133,Jason Collins,FC,26,56,58,4,2005,0,0,Draftand sim
134,Joe Smith,FC,29,59,59,3,2006,0,0,Draftand sim
135,Erick Dampier,C,29,59,59,4,2006,0,0,Draftand sim
136,Udonis Haslem,FC,24,53,60,2,2007,0,0,Draftand sim
137,Keyon Dooling,G,24,53,60,2,2007,0,0,Draftand sim
138,Grant Hill,GF,32,60,60,5,2005,0,0,Draftand sim
139,Jason Kapono,GF,23,50,61,1,2008,0,0,Draftand sim
140,Ndudi Ebi,GF,20,41,64,1,2008,0,0,Draftand sim
141,Jeff Foster,C,27,57,59,4,2005,0,0,Draftand sim
142,Brendan Haywood,C,25,55,58,3,2006,0,0,Draftand sim
143,Fred Jones,GF,25,55,58,3,2006,0,0,Draftand sim
144,Zoran Planinić,G,22,48,61,2,2008,0,0,Draftand sim
145,Keith Bogans,GF,24,53,59,2,2007,0,0,Draftand sim
146,Jeff McInnis,G,30,59,59,4,2006,0,0,Draftand sim
147,Walter McCarty,F,30,59,59,4,2006,0,0,Draftand sim
148,Earl Boykins,G,28,58,59,3,2006,0,0,Draftand sim
149,Damon Jones,G,28,58,58,3,2006,0,0,Draftand sim
150,Troy Murphy,PF,24,52,60,2,2007,0,0,Draftand sim
151,Boris Diaw,GF,22,49,60,2,2008,0,0,Draftand sim
152,Kedrick Brown,SF,23,52,58,2,2007,0,0,Draftand sim
153,Eddie House,G,26,55,57,3,2005,0,0,Draftand sim
154,Juwan Howard,FC,31,59,59,4,2005,0,0,Draftand sim
155,Jalen Rose,GF,31,59,59,4,2005,0,0,Draftand sim
156,Eric Williams,GF,32,59,59,4,2005,0,0,Draftand sim
157,Frank Williams,G,24,52,59,2,2007,0,0,Draftand sim
158,Nazr Mohammed,C,27,56,57,3,2005,0,0,Draftand sim
159,Devean George,SF,27,56,57,3,2005,0,0,Draftand sim
160,Luke Walton,F,24,53,57,2,2007,0,0,Draftand sim
161,Derek Fisher,G,30,58,58,3,2006,0,0,Draftand sim
162,Kyle Korver,GF,23,52,57,2,2007,0,0,Draftand sim
163,Vlade Divac,C,36,59,59,3,2005,0,0,Draftand sim
164,Kareem Rush,G,24,51,59,2,2007,0,0,Draftand sim
165,Dion Glover,SG,26,54,57,3,2005,0,0,Draftand sim
166,Dan Gadzuric,FC,26,54,57,2,2005,0,0,Draftand sim
167,Bobby Simmons,GF,24,53,56,2,2006,0,0,Draftand sim
168,Allan Houston,SG,33,58,58,3,2005,0,0,Draftand sim
169,Bob Sura,G,31,58,58,3,2005,0,0,Draftand sim
170,Eric Snow,G,31,58,58,3,2005,0,0,Draftand sim
171,Jerome Williams,F,31,58,58,3,2005,0,0,Draftand sim
172,Aaron McKie,GF,32,58,58,3,2005,0,0,Draftand sim
173,Chris Crawford,PF,29,57,57,3,2005,0,0,Draftand sim
174,Mark Blount,C,29,57,57,4,2005,0,0,Draftand sim
175,Chris Mihm,FC,25,53,57,2,2007,0,0,Draftand sim
176,David West,FC,24,51,58,2,2007,0,0,Draftand sim
177,Kendrick Perkins,C,20,41,61,2,2008,0,0,Draftand sim
178,Smush Parker,PG,23,49,58,1,2008,0,0,Draftand sim
179,Ronald Dupree,SF,23,49,58,1,2008,0,0,Draftand sim
180,Tyronn Lue,PG,27,55,55,3,2005,0,0,Draftand sim
181,Darrell Armstrong,PG,36,58,58,3,2005,0,0,Draftand sim
182,Jim Jackson,GF,34,58,58,3,2005,0,0,Draftand sim
183,Alvin Williams,G,30,57,57,3,2005,0,0,Draftand sim
184,Slavko Vraneš,C,21,43,61,1,2008,0,0,Draftand sim
185,Mike Sweetney,FC,22,47,58,1,2008,0,0,Draftand sim
186,Stanislav Medvedenko,FC,25,52,57,1,2007,0,0,Draftand sim
187,Mo Williams,G,22,45,59,1,2008,0,0,Draftand sim
188,Bobby Jackson,G,31,57,57,3,2005,0,0,Draftand sim
189,Voshon Lenard,SG,31,57,57,3,2005,0,0,Draftand sim
190,Anfernee Hardaway,GF,33,57,57,3,2005,0,0,Draftand sim
191,Reggie Miller,SG,39,58,58,3,2005,0,0,Draftand sim
192,Austin Croshere,PF,29,56,56,3,2005,0,0,Draftand sim
193,Shammond Williams,G,29,56,56,3,2005,0,0,Draftand sim
194,Gerald Wallace,F,22,43,60,1,2008,0,0,Draftand sim
195,Reggie Evans,PF,24,49,58,1,2007,0,0,Draftand sim
196,Dajuan Wagner,SG,21,44,59,1,2008,0,0,Draftand sim
197,Richie Frahm,GF,27,54,56,2,2005,0,0,Draftand sim
198,Qyntel Woods,F,23,48,57,1,2008,0,0,Draftand sim
199,Reece Gaines,PG,23,48,57,1,2008,0,0,Draftand sim
200,Marcus Camby,FC,30,56,56,3,2005,0,0,Draftand sim
201,Willie Green,SG,23,49,56,2,2007,0,0,Draftand sim
202,Bonzi Wells,GF,28,55,56,3,2005,0,0,Draftand sim
203,Eddie Robinson,SF,28,55,56,3,2005,0,0,Draftand sim
204,Raja Bell,SG,28,55,55,3,2005,0,0,Draftand sim
205,Chris Kaman,C,22,45,58,1,2008,0,0,Draftand sim
206,J.R. Bremer,PG,24,49,57,1,2007,0,0,Draftand sim
207,Jonathan Bender,SF,23,47,57,1,2008,0,0,Draftand sim
208,Ruben Patterson,GF,29,55,55,3,2005,0,0,Draftand sim
209,Nikoloz Tskitishvili,F,21,45,57,1,2008,0,0,Draftand sim
210,Darius Songaila,FC,26,52,53,2,2005,0,0,Draftand sim
211,Matt Barnes,F,24,48,57,1,2007,0,0,Draftand sim
212,Jon Barry,SG,35,56,56,2,2005,0,0,Draftand sim
213,P.J. Brown,FC,35,56,56,2,2005,0,0,Draftand sim
214,David Wesley,G,34,56,56,2,2005,0,0,Draftand sim
215,Jerry Stackhouse,GF,30,55,55,2,2005,0,0,Draftand sim
216,Anthony Johnson,G,30,55,55,2,2005,0,0,Draftand sim
217,Matt Harpring,GF,28,54,56,2,2005,0,0,Draftand sim
218,Rasho Nesterović,C,28,54,55,2,2005,0,0,Draftand sim
219,DeSagana Diop,FC,22,44,57,1,2008,0,0,Draftand sim
220,Boštjan Nachbar,F,24,48,56,1,2007,0,0,Draftand sim
221,Kevin Ollie,G,32,55,55,2,2005,0,0,Draftand sim
222,Rodney Rogers,F,33,55,55,2,2005,0,0,Draftand sim
223,Fred Hoiberg,SG,32,55,55,2,2005,0,0,Draftand sim
224,Lorenzen Wright,C,29,54,54,2,2005,0,0,Draftand sim
225,Anthony Parker,GF,29,54,54,2,2005,0,0,Draftand sim
226,Linton Johnson,F,24,49,54,1,2007,0,0,Draftand sim
227,Jamal Sampson,FC,21,41,58,1,2008,0,0,Draftand sim
228,DerMarr Johnson,GF,24,48,55,1,2007,0,0,Draftand sim
229,Robert Horry,F,34,55,55,2,2005,0,0,Draftand sim
230,Clifford Robinson,FC,38,55,55,2,2005,0,0,Draftand sim
231,Žarko Čabarkapa,PF,23,45,56,1,2008,0,0,Draftand sim
232,Wally Szczerbiak,SF,27,52,54,2,2005,0,0,Draftand sim
233,Malik Rose,PF,30,54,54,2,2005,0,0,Draftand sim
234,Kelvin Cato,FC,30,54,54,2,2005,0,0,Draftand sim
235,Chucky Atkins,G,30,54,54,2,2005,0,0,Draftand sim
236,Jake Voskuhl,C,27,52,52,2,2005,0,0,Draftand sim
237,Donnell Harvey,F,24,46,57,1,2007,0,0,Draftand sim
238,Jamal Mashburn,SF,32,54,54,2,2005,0,0,Draftand sim
239,Glenn Robinson,SF,31,54,54,2,2005,0,0,Draftand sim
240,Howard Eisley,G,32,54,54,2,2005,0,0,Draftand sim
241,Greg Ostertag,C,31,54,54,2,2005,0,0,Draftand sim
242,Shandon Anderson,GF,31,54,54,2,2005,0,0,Draftand sim
243,Chris Andersen,FC,26,50,54,1,2005,0,0,Draftand sim
244,Jarron Collins,C,26,50,54,2,2005,0,0,Draftand sim
245,Predrag Drobnjak,C,29,53,53,2,2005,0,0,Draftand sim
246,Omar Cook,PG,22,40,57,1,2008,0,0,Draftand sim
247,Raül López,PG,24,47,54,1,2007,0,0,Draftand sim
248,Tamar Slay,SG,24,47,54,1,2007,0,0,Draftand sim
249,Robert Traylor,FC,27,51,51,2,2005,0,0,Draftand sim
250,Maurice Taylor,FC,28,52,52,2,2005,0,0,Draftand sim
251,Charlie Bell,SG,25,49,52,1,2006,0,0,Draftand sim
252,Karl Malone,PF,41,54,54,1,2005,0,0,Draftand sim
253,Marcus Fizer,F,26,49,54,1,2005,0,0,Draftand sim
254,Hiram Fuller,PF,23,42,56,1,2008,0,0,Draftand sim
255,Shawn Bradley,C,32,53,53,1,2005,0,0,Draftand sim
256,Nick Van Exel,G,33,53,53,1,2005,0,0,Draftand sim
257,Theo Ratliff,FC,31,53,53,1,2005,0,0,Draftand sim
258,Bruce Bowen,SF,33,53,53,1,2005,0,0,Draftand sim
259,Jason Hart,PG,26,49,53,1,2005,0,0,Draftand sim
260,Brian Scalabrine,FC,26,49,53,1,2005,0,0,Draftand sim
261,Rasual Butler,GF,25,48,53,1,2007,0,0,Draftand sim
262,Will Solomon,G,26,49,52,1,2005,0,0,Draftand sim
263,Milt Palacio,G,26,49,52,1,2005,0,0,Draftand sim
264,Charlie Ward,PG,34,53,53,1,2005,0,0,Draftand sim
265,Lucious Harris,G,34,53,53,1,2005,0,0,Draftand sim
266,Brian Cook,FC,24,46,53,1,2007,0,0,Draftand sim
267,Junior Harrington,G,24,46,53,1,2007,0,0,Draftand sim
268,Keith McLeod,PG,25,47,54,1,2007,0,0,Draftand sim
269,Jason Collier,C,27,50,52,1,2005,0,0,Draftand sim
270,Marcus Haislip,F,24,45,54,1,2007,0,0,Draftand sim
271,Brandon Hunter,PF,24,45,54,1,2007,0,0,Draftand sim
272,Brian Skinner,FC,28,51,51,1,2005,0,0,Draftand sim
273,Daniel Santiago,C,28,51,52,2,2005,0,0,Draftand sim
274,Kurt Thomas,FC,32,52,52,1,2005,0,0,Draftand sim
275,Wesley Person,GF,33,52,52,1,2005,0,0,Draftand sim
276,Vin Baker,FC,33,52,52,1,2005,0,0,Draftand sim
277,Moochie Norris,PG,31,52,52,1,2005,0,0,Draftand sim
278,Roger Mason,GF,24,46,52,1,2007,0,0,Draftand sim
279,Desmond Penigar,PF,23,42,54,1,2008,0,0,Draftand sim
280,Maurice Evans,GF,26,48,52,1,2005,0,0,Draftand sim
281,Jake Tsakalidis,C,25,48,49,1,2006,0,0,Draftand sim
282,Tony Delk,G,30,51,51,1,2005,0,0,Draftand sim
283,Jumaine Jones,GF,25,47,51,1,2007,0,0,Draftand sim
284,Trenton Hassell,GF,25,47,51,1,2007,0,0,Draftand sim
285,Devin Brown,SG,26,48,49,1,2005,0,0,Draftand sim
286,Dahntay Jones,GF,24,43,54,1,2007,0,0,Draftand sim
287,Erick Strickland,G,31,51,51,1,2005,0,0,Draftand sim
288,Bo Outlaw,FC,33,51,51,1,2005,0,0,Draftand sim
289,Rick Brunson,PG,32,51,51,1,2005,0,0,Draftand sim
290,Calbert Cheaney,GF,33,51,51,1,2005,0,0,Draftand sim
291,Lonny Baxter,FC,25,46,52,1,2007,0,0,Draftand sim
292,Alton Ford,PF,23,40,54,1,2008,0,0,Draftand sim
293,Robert Archibald,FC,24,45,51,1,2007,0,0,Draftand sim
294,Jannero Pargo,G,25,46,51,1,2007,0,0,Draftand sim
295,Christian Laettner,FC,35,51,51,1,2005,0,0,Draftand sim
296,Anthony Peeler,SG,35,51,51,1,2005,0,0,Draftand sim
297,Laron Profit,GF,27,48,50,1,2005,0,0,Draftand sim
298,Raef LaFrentz,FC,28,49,49,1,2005,0,0,Draftand sim
299,Troy Hudson,PG,28,49,51,1,2005,0,0,Draftand sim
300,Tony Battie,FC,28,49,52,1,2005,0,0,Draftand sim
301,Eduardo Nájera,F,28,49,50,1,2005,0,0,Draftand sim
302,Scott Padgett,PF,28,49,50,1,2005,0,0,Draftand sim
303,Ansu Sesay,SF,28,49,49,1,2005,0,0,Draftand sim
304,Michael Doleac,C,27,48,48,1,2005,0,0,Draftand sim
305,Leon Smith,C,24,43,52,1,2007,0,0,Draftand sim
306,Kirk Penney,SG,24,43,52,1,2007,0,0,Draftand sim
307,Chris Jefferies,GF,24,42,53,1,2007,0,0,Draftand sim
308,Brian Grant,FC,32,50,50,1,2005,0,0,Draftand sim
309,Jamison Brewer,G,24,45,49,1,2007,0,0,Draftand sim
310,Lee Nailon,F,29,49,49,1,2005,0,0,Draftand sim
311,Brevin Knight,PG,29,49,49,1,2005,0,0,Draftand sim
312,Jerome Beasley,PF,24,43,51,1,2007,0,0,Draftand sim
313,Brandon Armstrong,SG,24,43,51,1,2007,0,0,Draftand sim
314,Kendall Gill,GF,36,50,50,1,2005,0,0,Draftand sim
315,Bryon Russell,GF,34,50,50,1,2005,0,0,Draftand sim
316,Curtis Borchardt,C,24,41,53,1,2007,0,0,Draftand sim
317,Jérôme Moïso,FC,26,46,48,1,2005,0,0,Draftand sim
318,Vladimir Stepania,C,28,48,50,1,2005,0,0,Draftand sim
319,Ron Mercer,GF,28,48,52,1,2005,0,0,Draftand sim
320,Troy Bell,PG,24,42,51,1,2007,0,0,Draftand sim
321,Corliss Williamson,F,31,49,49,1,2005,0,0,Draftand sim
322,Aaron Williams,FC,33,49,49,1,2005,0,0,Draftand sim
323,Malik Allen,PF,26,45,51,1,2007,0,0,Draftand sim
324,Marc Jackson,FC,29,48,48,1,2005,0,0,Draftand sim
325,Vitaly Potapenko,C,29,48,48,1,2005,0,0,Draftand sim
326,Bruno Šundov,C,24,43,49,1,2007,0,0,Draftand sim
327,Eric Piatkowski,GF,34,49,49,1,2005,0,0,Draftand sim
328,Antonio Davis,FC,36,49,49,1,2005,0,0,Draftand sim
329,Dale Davis,FC,35,49,49,1,2005,0,0,Draftand sim
330,Stacey Augmon,GF,36,49,49,1,2005,0,0,Draftand sim
331,Antonio McDyess,FC,30,48,48,1,2005,0,0,Draftand sim
332,Eddie Gill,PG,26,45,48,1,2005,0,0,Draftand sim
333,Mark Madsen,FC,28,47,47,1,2005,0,0,Draftand sim
334,Calvin Booth,C,28,47,49,1,2005,0,0,Draftand sim
335,Francisco Elson,C,28,47,48,1,2005,0,0,Draftand sim
336,James Jones,GF,24,42,49,1,2007,0,0,Draftand sim
337,Loren Woods,C,26,45,46,1,2005,0,0,Draftand sim
338,Lamond Murray,SF,31,48,48,1,2005,0,0,Draftand sim
339,Travis Best,PG,32,48,48,1,2005,0,0,Draftand sim
340,Josh Davis,PF,24,41,50,1,2007,0,0,Draftand sim
341,Alex Garcia,SG,24,40,51,1,2007,0,0,Draftand sim
342,Melvin Ely,FC,26,44,49,1,2005,0,0,Draftand sim
343,Clarence Weatherspoon,F,34,48,48,1,2005,0,0,Draftand sim
344,Steve Smith,SG,35,48,48,1,2005,0,0,Draftand sim
345,Theron Smith,SF,24,42,48,1,2007,0,0,Draftand sim
346,Matt Carroll,SG,24,41,49,1,2007,0,0,Draftand sim
347,Dan Dickau,PG,26,44,48,1,2005,0,0,Draftand sim
348,Terence Morris,SF,25,43,48,1,2007,0,0,Draftand sim
349,Primož Brezec,C,25,42,50,1,2007,0,0,Draftand sim
350,Danny Fortson,FC,28,46,48,1,2005,0,0,Draftand sim
351,Andrew DeClercq,C,31,47,47,1,2005,0,0,Draftand sim
352,Sean Lampley,SF,25,42,49,1,2007,0,0,Draftand sim
353,Britton Johnsen,FC,25,42,49,1,2007,0,0,Draftand sim
354,Steven Hunter,FC,23,38,49,1,2008,0,0,Draftand sim
355,Ryan Bowen,GF,29,46,46,1,2005,0,0,Draftand sim
356,Jacque Vaughn,G,29,46,46,1,2005,0,0,Draftand sim
357,Ira Newble,GF,29,46,46,1,2005,0,0,Draftand sim
358,Jerome James,C,29,46,46,1,2005,0,0,Draftand sim
359,Zendon Hamilton,FC,29,46,46,1,2005,0,0,Draftand sim
360,George Lynch,GF,34,47,47,1,2005,0,0,Draftand sim
361,Tom Gugliotta,F,35,47,47,1,2005,0,0,Draftand sim
362,Gary Trent,FC,30,46,46,1,2005,0,0,Draftand sim
363,Mike Wilks,G,25,42,47,1,2007,0,0,Draftand sim
364,Jeff Trepagnier,SG,25,42,47,1,2007,0,0,Draftand sim
365,Travis Hansen,SF,26,43,46,1,2005,0,0,Draftand sim
366,Jahidi White,FC,28,45,47,1,2005,0,0,Draftand sim
367,Jermaine Jackson,G,28,45,47,1,2005,0,0,Draftand sim
368,Wang Zhizhi,C,27,44,45,1,2005,0,0,Draftand sim
369,Jabari Smith,FC,27,44,45,1,2005,0,0,Draftand sim
370,Michael Olowokandi,C,29,45,45,1,2005,0,0,Draftand sim
371,Mamadou N'Diaye,C,29,45,45,1,2005,0,0,Draftand sim
372,Mikki Moore,FC,29,45,45,1,2005,0,0,Draftand sim
373,Rick Fox,SF,35,46,46,1,2005,0,0,Draftand sim
374,Lindsey Hunter,G,34,46,46,1,2005,0,0,Draftand sim
375,Kaniel Dickens,F,26,42,47,1,2005,0,0,Draftand sim
376,Ryan Humphrey,F,25,41,46,1,2007,0,0,Draftand sim
377,Ruben Boumtje-Boumtje,C,26,42,45,1,2005,0,0,Draftand sim
378,Tremaine Fowlkes,SF,28,44,46,1,2005,0,0,Draftand sim
379,Ben Handlogten,C,31,45,45,1,2005,0,0,Draftand sim
380,Anthony Goldwire,PG,33,45,45,1,2005,0,0,Draftand sim
381,Michael Ruffin,FC,27,43,46,1,2005,0,0,Draftand sim
382,Mateen Cleaves,PG,27,43,46,1,2005,0,0,Draftand sim
383,Ime Udoka,GF,27,43,45,1,2005,0,0,Draftand sim
384,Derrick Dial,SG,29,44,44,1,2005,0,0,Draftand sim
385,Obinna Ekezie,FC,29,44,44,1,2005,0,0,Draftand sim
386,Derrick Coleman,FC,37,45,45,1,2005,0,0,Draftand sim
387,Rod Strickland,G,38,45,45,1,2005,0,0,Draftand sim
388,Cezary Trybański,C,25,41,44,1,2006,0,0,Draftand sim
389,Joel Przybilla,C,25,40,46,1,2007,0,0,Draftand sim
390,Samaki Walker,FC,28,43,44,1,2005,0,0,Draftand sim
391,Greg Buckner,GF,28,43,44,1,2005,0,0,Draftand sim
392,Dan Langhi,SF,27,42,45,1,2005,0,0,Draftand sim
393,Desmond Ferguson,SF,27,42,45,1,2005,0,0,Draftand sim
394,Quincy Lewis,GF,27,42,43,1,2005,0,0,Draftand sim
395,Rodney Buford,GF,27,42,42,1,2005,0,0,Draftand sim
396,Damone Brown,F,25,40,44,1,2007,0,0,Draftand sim
397,Keon Clark,FC,29,43,43,1,2005,0,0,Draftand sim
398,Sean Marks,FC,29,43,43,1,2005,0,0,Draftand sim
399,Oliver Miller,FC,34,44,44,1,2005,0,0,Draftand sim
400,Kenny Anderson,PG,34,44,44,1,2005,0,0,Draftand sim
401,Elden Campbell,FC,36,44,44,1,2005,0,0,Draftand sim
402,John Wallace,SF,30,43,43,1,2005,0,0,Draftand sim
403,Bryce Drew,PG,30,43,43,1,2005,0,0,Draftand sim
404,Michael Bradley,FC,25,39,45,1,2007,0,0,Draftand sim
405,Scottie Pippen,SF,39,44,44,1,2005,0,0,Draftand sim
406,Željko Rebrača,C,32,43,43,1,2005,0,0,Draftand sim
407,Chris Whitney,PG,33,43,43,1,2005,0,0,Draftand sim
408,Pat Burke,C,31,43,43,1,2005,0,0,Draftand sim
409,Cory Alexander,G,31,43,43,1,2005,0,0,Draftand sim
410,Pat Garrity,F,28,42,44,1,2005,0,0,Draftand sim
411,Paul Shirley,PF,27,41,43,1,2005,0,0,Draftand sim
412,Adonal Foyle,C,29,42,42,1,2005,0,0,Draftand sim
413,Charles Smith,SG,29,42,42,1,2005,0,0,Draftand sim
414,Alonzo Mourning,FC,34,43,43,1,2005,0,0,Draftand sim
415,Corie Blount,FC,35,43,43,1,2005,0,0,Draftand sim
416,Tierre Brown,G,25,38,44,1,2007,0,0,Draftand sim
417,Alan Henderson,FC,32,42,42,1,2005,0,0,Draftand sim
418,Rusty LaRue,PG,31,42,42,1,2005,0,0,Draftand sim
419,Popeye Jones,PF,34,42,42,1,2005,0,0,Draftand sim
420,Dana Barros,G,37,42,42,1,2005,0,0,Draftand sim
421,Sean Rooks,C,35,42,42,1,2005,0,0,Draftand sim
422,Robert Pack,PG,35,42,42,1,2005,0,0,Draftand sim
423,Mitchell Butler,SG,34,42,42,1,2005,0,0,Draftand sim
424,Doug Overton,PG,35,42,42,1,2005,0,0,Draftand sim
425,Shane Heal,PG,34,42,42,1,2005,0,0,Draftand sim
426,Scot Pollard,C,29,41,41,1,2005,0,0,Draftand sim
427,Anthony Carter,PG,29,41,41,1,2005,0,0,Draftand sim
428,John Thomas,FC,29,41,41,1,2005,0,0,Draftand sim
429,Randy Livingston,PG,29,41,41,1,2005,0,0,Draftand sim
430,Maceo Baston,PF,29,41,41,1,2005,0,0,Draftand sim
431,Othella Harrington,FC,30,41,41,1,2005,0,0,Draftand sim
432,Darrick Martin,PG,33,41,41,1,2005,0,0,Draftand sim
433,Amal McCaskill,C,31,41,41,1,2005,0,0,Draftand sim
434,Torraye Braggs,PF,28,40,40,1,2005,0,0,Draftand sim
435,Maurice Carter,SG,28,40,42,1,2005,0,0,Draftand sim
436,Glen Rice,SF,37,41,41,1,2005,0,0,Draftand sim
437,Scott Williams,FC,36,41,41,1,2005,0,0,Draftand sim
438,Jelani McCoy,C,27,39,40,1,2005,0,0,Draftand sim
439,Adrian Griffin,GF,30,40,40,1,2005,0,0,Draftand sim
440,Paul Grant,C,30,40,40,1,2005,0,0,Draftand sim
441,Cherokee Parks,FC,32,40,40,1,2005,0,0,Draftand sim
442,Mark Pope,F,32,40,40,1,2005,0,0,Draftand sim
443,Tracy Murray,SF,33,40,40,1,2005,0,0,Draftand sim
444,Anthony Miller,PF,33,40,40,1,2005,0,0,Draftand sim
445,Aleksandar Radojević,C,28,39,41,1,2005,0,0,Draftand sim
446,Tyrone Hill,FC,36,40,40,1,2005,0,0,Draftand sim
447,Mengke Bateer,C,29,39,39,1,2005,0,0,Draftand sim
448,Horace Grant,FC,39,40,40,1,2005,0,0,Draftand sim
449,Charles Oakley,FC,41,40,40,1,2005,0,0,Draftand sim
450,Darvin Ham,GF,31,39,39,1,2005,0,0,Draftand sim
451,Dikembe Mutombo,C,38,39,39,1,2005,0,0,Draftand sim
452,Hubert Davis,G,34,39,39,1,2005,0,0,Draftand sim
453,Lawrence Funderburke,PF,34,39,39,1,2005,0,0,Draftand sim
454,Avery Johnson,PG,39,39,39,1,2005,0,0,Draftand sim
455,Kevin Willis,FC,42,38,38,1,2005,0,0,Draftand sim
456,Tony Massenburg,FC,37,37,37,1,2005,0,0,Draftand sim
457,Ervin Johnson,C,37,37,37,1,2005,0,0,Draftand sim
458,Bimbo Coles,PG,36,37,37,1,2005,0,0,Draftand sim
459,Olden Polynice,C,40,37,37,1,2005,0,0,Draftand sim
460,Michael Curry,GF,36,36,36,1,2005,0,0,Draftand sim
461,Michael Stewart,FC,29,35,35,1,2005,0,0,Draftand sim
462,Mark Jackson,PG,39,34,34,1,2005,0,0,Draftand sim